id,bengali-id,footnote-text,page
15,১৫,"বুখারী ফাতহুল বারী ১১/১১৩, নং ৬৩১৪; মুসলিম ৪/২০৮৩, নং ২৭১১।",23
16,১৬,"যে ব্যক্তি তা বলবে তাকে ক্ষমা করে দেওয়া হবে। যদি সে দো'আ করে, তবে তার দো'আ কবুল হবে। যদি সে উঠে অযু করে নামায পড়ে, তবে তার নামায কবুল করা হবে। বুখারী: ফাতহুল বারী, ৩/৩৯, নং ১১৫৪। হাদীসের ভাষ্য ইবন মাজাহ এর অনুরূপ। দেখুন, সহীহ ইবন মাজাহ: ২/৩৩৫।",25
17,১৭,"তিরমিযী ৫/৪৭৩, নং ৩৪০১। দেখুন, সহীহুত তিরমিযী, ৩/১৪৪।",26
18,১৮,"সূরা আলে ইমরান, আয়াত: ১৯০-২০০; বুখারী, ফাতহুল বারীসহ ৮/৩৩৭, নং ৪৫৬৯; মুসলিম ১/৫৩০, নং ২৫৬",32
19,১৯,"হাদীসটি নাসাঈ ব্যতীত সুনান গ্রন্থকারদের সবাই সংকলন করেছেন। আবূ দাউদ, নং ৪০২৩; তিরমিযী, নং ৩৪৫৮; ইবন মাজাহ, নং ৩২৮৫। আর শাইখ আলবানী একে হাসান বলেছেন। দেখুন, ইরওয়াউল গালীল, ৭/৪৭।",33
20,২০,"আবূ দাউদ, নং ৪০২০; তিরমিযী, নং ১৭৬৭; বাগভী, ১২/৪০; দেখুন, মুখতাসারুশ শামাইল লিল আলবানী, পৃ. ৪৭।",34
21,২১,"সুনান আবি দাউদ ৪/৪১, হাদীস নং ৪০২০; দেখুন, সহীহ আবি দাউদ ২/৭৬০।",35
22,২২,"সুনান ইবন মাজাহ ২/১১৭৮, নং ৩৫৫৮; বাগাওয়ী, ১২/৪১। দেখুন, সহীহ ইবন মাজাহ ২/২৭৫।",35
23,২৩,"তিরমিযী ২/৫০৫, নং ৬০৬, ও অন্যান্য। আরও দেখুন, ইরওয়াউল গালীল, নং ৫০; সহীহুল জামে' ৩/২০৩।",36
24,২৪,"বুখারী ১/৪৫, নং ১৪২; মুসলিম ১/২৮৩, নং ৩৭৫। শুরুতে অতিরিক্ত 'বিসমিল্লাহ্' উদ্ধৃত করেছেন সা'ঈদ ইবন মানসূর। দেখুন, ফাতহুল বারী, ১/২৪৪।",36
25,২৫,"হাদীসটি নাসাঈ ব্যতীত সকল সুনান গ্রন্থকারই উদ্ধৃত করেছেন; তবে নাসাঈ তার 'আমালুল ইয়াওমি ওয়াললাইলাহ' গ্রন্থে (নং ৭৯) তা উদ্ধৃত করেছেন। আবূ দাউদ, নং ৩০; তিরমিযী, নং ৭; ইবন মাজাহ, নং ৩০০। আর শাইখ আলবানী সহীহ সুনান আবি দাউদে ১/১৯ একে সহীহ বলেছেন।",37
26,২৬,"আবূ দাউদ, নং ১০১; ইবন মাজাহ, নং ৩৯৭; আহমাদ নং ৯৪১৮। আরও দেখুন, ইরওয়াউল গালীল ১/১২২।",37
27,২৭,"মুসলিম ১/২০৯, নং ২৩৪।",38
28,২৮,"তিরিমিযী-১/৭৮, নং ৫৫। আরও দেখুন, সহীহুত তিরমিযী, ১/১৮।",39
29,২৯,"নাসাঈ, আমালুল ইয়াওমি ওয়াল লাইলাহ, পৃ. ১৭৩। আরও দেখুন, ইরওয়াউল গালীল, ১/১৩৫, ৩/৯৪।",40
30,৩০,"আবূ দাউদ ৪/৩২৫, নং ৫০৯৫; তিরমিযী ৫/৪৯০, ৩৪২৬। আরও দেখুন, সহীহুত তিরমিযী, ৩/১৫১।",40
31,৩১,"সুনান গ্রন্থকারগণ: আবূ দাউদ, নং ৫০৯৪; তিরমিযী, নং ৩৪২৭; নাসাঈ, নং ৫৫০১; ইবন মাজাহ, নং ৩৮৮৪। আরও দেখুন, সহীহুত তিরমিযী ৩/১৫২; সহীহ ইবন মাজাহ ২/৩৩৬।",41
32,৩২,"আবূ দাউদ ৪/৩২৫, ৫০৯৬। আর আল্লামা ইবন বায রহ. তার তুহফাতুল আখইয়ার গ্রন্থে পৃ. ২৮ এটার সনদকে হাসান বলেছেন। তাছাড়া সহীহ হাদীসে এসেছে, ""যখন তোমাদের কেউ ঘরে প্রবেশ করে, আর প্রবেশের সময় ও খাবারের সময় আল্লাহকে স্মরণ করে, তখন শয়তান (নিজ ব্যক্তিদের) বলে, তোমাদের কোনো বাসস্থান নেই, তোমাদের রাতের কোনো খাবার নেই।” মুসলিম, নং ২০১৮।",42
33,৩৩,"এ শব্দগুলোর জন্য দেখুন, বুখারী, (ফাতহুল বারীসহ) ১১/১১৬, নং ৬৩১৬; মুসলিম ১/৫২৬, ৫২৯, ৫৩০, নং ৭৬৩।",45
34,৩৪,"তিরমিযী ৫/৪৮৩, নং ৩৪১৯।",45
35,৩৫,"ইমাম বুখারী, আল-আদাবুল মুফরাদ, নং ৬৯৫; পৃ. ২৫৮; আর আলবানী সেটার সনদকে সহীহ আদাবিল মুফরাদে সহীহ বলেছেন, নং ৫৩৬।",46
36,৩৬,"হাফেয ইবন হাজার এটাকে তার ফতহুল বারীতে উল্লেখ করেছেন এবং ইবন আবী আসেমের 'কিতাবুদ দো'আ' এর দিকে সম্পর্কিত করেছেন। দেখুন ফাতহুল বারী, ১১/১১৮। আরও বলেছেন, বিভিন্ন বর্ণনা থেকে মোট ২৫ (পঁচিশটি) বিষয় পাওয়া গেল।",46
37,৩৭,"কারণ, আনাস ইবন মালিক রাদিয়াল্লাহু আনহু বলেন, “সুন্নাত হচ্ছে, যখন তুমি মসজিদে প্রবেশ করবে, তখন তোমার ডান পা দিয়ে ঢুকবে, আর যখন বের হবে, তখন বাম পা দিয়ে বের হবে”। হাদীসটি উদ্ধৃত করেছেন, হাকিম ১/২১৮; এবং একে মুসলিমের শর্ত অনুযায়ী সহীহ বলেছেন, আর ইমাম যাহাবী সেটার সমর্থন করেছেন। আরও উদ্ধৃত করেছেন বাইহাকী, ২/৪৪২; আর শাইখ আলবানী তার সিলসিলাতুল আহাদীসিস সহীহা গ্রন্থে এটাকে হাসান বলেছেন, ৫/৬২৪; নং ২৪৭৮।",46
38,৩৮,"আবূ দাউদ, নং ৪৬৬; আরও দেখুন, সহীহুল জামে' ৪৫৯১।",47
39,৩৯,"ইবনুস সুন্নি কর্তৃক উদ্ধৃত, নং ৮। আর শাইখ আলবানী তার আস-সামারুল মুস্তাতাব গ্রন্থে একে হাসান বলেছেন, পৃ. ৬০৭।",48
40,৪০,"আবু দাউদ ১/১২৬; নং ৪৬৫; আরও দেখুন, সহীহুল জামে' ১/৫২৮।",48
41,৪১,"মুসলিম ১/৪৯৪, নং ৭১৩; আর সুনান ইবন মাজায় ফাতিমা রাদিয়াল্লাহু আনহার হাদীসে এসেছে, اللهم اغفر لي ذنوبي وافتح لي أبواب رحمتك “হে আল্লাহ, আমার গুনাহ ক্ষমা করে দিন এবং আমার জন্য আপনার রহমতের দ্বারসমূহ অবারিত করে দিন”। আর শাইখ আলবানী অন্যান্য শাহেদ বা সম অর্থের বর্ণনার কারণে একে সহীহ বলেছেন। দেখুন, সহীহ ইবন মাজাহ্ ১/১২৮-১২৯।",48
42,৪২,"আল-হাকিম, ১/২১৮; বাইহাকী, ২/৪৪২, আর শাইখ আলবানী তার সিলসিলাতুস সহীহায় একে হাসান হাদীস বলেছেন, ৫/৬২৪, নং ২৪৭৮। আর সেটার তাখরীজ পূর্বে গত হয়েছে।",49
43,৪৩,"মসজিদে প্রবেশের দো'আয় পূর্বে বর্ণিত হাদীসের রেওয়ায়েতসমূহের তাখরীজ দেখুন, (২০ নং) আর “হে আল্লাহ, আমাকে বিতাড়িত শয়তান থেকে হিফাযত করুন"" এ বাড়তি অংশের তাখরীজ দেখুন, ইবন মাজাহ ১/১২৯।",49
44,৪৪,"বুখারী, ১/১৫২, নং ৬১১, ৬১৩; মুসলিম, ১/২৮৮, নং ৩৮৩।",50
45,৪৫,"মুসলিম ১/২৯০, নং ৩৮৬।",51
46,৪৬,"ইবন খুযাইমা, ১/২২০।",52
47,৪৭,"মুসলিম ১/২৮৮, নং ৩৮৪।",52
48,৪৮,"বুখারী ১/২৫২, নং ৬১৪; আর দুই ব্রাকেটের মাঝখানের অংশ উদ্ধৃত করেছেন, বায়হাকী ১/৪১০। আর আল্লামা আবদুল আযীয ইবন বায রাহেমাহুল্লাহ তার 'তুহফাতুল আখইয়ার' গ্রন্থে এটার সনদকে হাসান বলেছেন, পৃ. ৩৮।",53
49,৪৯,"তিরমিযী, নং ৩৫৯৪; আবু দাউদ, নং ৫২৫; আহমাদ, নং ১২২০০; আরও দেখুন, ইরওয়াউল গালীল, ১/২৬২।",54
50,৫০,"বুখারী ১/১৮১, নং ৭৪৪; মুসলিম ১/৪১৯, নং ৫৯৮।",55
51,৫১,"মুসলিম, নং ৩৯৯; আর সুনান গ্রন্থকার চারজন। আবু দাউদ, নং ৭৭৫; তিরমিযী, নং ২৪৩; ইবন মাজাহ, নং ৮০৬; নাসাঈ, নং ৮৯৯। আরও দেখুন, সহীহুত তিরমিযী, ১/৭৭; সহীহ ইবন মাজাহ্ ১/১৩৫।",56
52,৫২,"মুসলিম ১/৫৩৪, নং ৭৭১।",60
53,৫৩,"মুসলিম ১/৫৩৪, নং ৭৭০।",61
54,৫৪,"আবূ দাউদ ১/২০৩, নং ৭৬৪; ইবন মাজাহ ১/২৬৫, ৮০৭; আহমাদ, আহমাদ ৪/৮৫, নং ১৬৭৩৯। শাইখ শু'আইব আল-আরনাউত তার মুসনাদের তাহকীকে এ হাদীসের সনদকে হাসান লি-গাইরিহি বলেছেন। আর আব্দুল কাদের আরনাউত ইবন তাইমিয়‍্যার 'আল-কালেমুত তাইয়্যেব' গ্রন্থের নং ৭৮, এর তাহকীক বলেন, এটি তার শাওয়াহেদ বা সমার্থবোধক হাদীসের দ্বারা সহীহ লি-গাইরিহী প্রমাণিত হয়। আর আলবানী তার সহীহুল কালেমিত তাইয়্যেব এর ৬২ নং এ হাদিসটি উল্লেখ করেছেন। তাছাড়া ইমাম মুসলিম ইবন উমর থেকে অনুরূপ হাদীস উদ্ধৃত করেছেন, তবে সেখানে একটি ঘটনা বর্ণিত হয়েছে। ১/৪২০, নং ৬০১।",63
55,৫৫,রাসূলুল্লাহ সাল্লাল্লাহু আলাইহি ওয়াসাল্লাম এ দো'আটি রাতে উঠে তাহাজ্জুদের সালাত পড়ার সময় বলতেন।,65
56,৫৬,"বুখারী, (ফাতহুল বারীসহ) ৩/৩, ১১/১১৬, ১৩/৩৭১, ৪২৩, ৪৬৫, নং ১১২০, ৬৩১৭, ৭৩৮৫, ৭৪৪২, ৭৪৯৯; ও মুসলিম সংক্ষিপ্তাকারে ১/৫৩২, নং ৭৬৯।",67
57,৫৭,"সুনানের গ্রন্থাকারগণ ও আহমাদ হাদীসটি উদ্ধৃত করেছেন। আবূ দাউদ, নং ৮৭০; তিরমিযী, নং ২৬২; নাসাঈ, নং ১০০৭; ইবন মাজাহ, নং ৮৯৭; আহমাদ, নং ৩৫১৪। আরও দেখুন, সহীহুত তিরমিযী, ১/৮৩।",67
58,৫৮,"বুখারী ১/৯৯, নং ৭৯৪; মুসলিম ১/৩৫০, নং ৪৮৪।",68
59,৫৯,"মুসলিম ১/৩৫৩, নং ৪৭৪; আবু দাউদ ১/২৩০, নং ৮৭২।",68
60,৬০,"মুসলিম ১/৫৩৪, নং ৭৭১; তাছাড়া চার সুনান গ্রন্থকারগণের মধ্যে ইবন মাজাহ ব্যতীত সবাই তা উদ্ধৃত করেছেন। আবূ দাউদ, নং ৭৬০, ৭৬১; তিরমিযী, নং ৩৪২১; নাসাঈ, নং ১০৪৯; তবে দুই ব্রাকেটের অংশ ইবন খুযাইমার শব্দ, নং ৬০৭; ইবন হিব্বান, নং ১৯০১।",69
61,৬১,"আবু দাউদ ১/২৩০, নং ৮৭৩; নাসাঈ, নং ১১৩১; আহমাদ, নং ১৩৯৮০। আর তার সনদ হাসান।",70
62,৬২,"বুখারী, (ফাতহুল বারীসহ) ২/২৮২, নং ৭৯৬।",71
63,৬৩,"বুখারী, (ফাতহুল বারীসহ) ২/২৮৪, নং ৭৯৬।",71
64,৬৪,"মুসলিম, ১/৩৪৬; নং ৪৭৭।",73
65,৬৫,"হাদীসটি সুনানগ্রন্থকারগণ ও ইমাম আহমাদ সংকলন করেছেন। আবূ দাউদ, হাদীস নং ৮৭০; তিরমিযী, হাদীস নং ২৬২; নাসাঈ, হাদীস নং ১০০৭; ইবন মাজাহ, হাদীস নং ৮৯৭; আহমাদ, হাদীস নং ৩৫১৪। আরও দেখুন, সহীহুত তিরমিযী, ১/৮৩।",73
66,৬৬,"বুখারী, নং ৭৯৪; মুসলিম, নং ৪৮৪; পূর্বে ৩৪ নং তা গত হয়েছে।",74
67,৬৭,"মুসলিম ১/৩৫৩, নং ৪৮৭; আবু দাউদ, নং ৮৭২। পূর্বে ৩৫ নং এ গত হয়েছে।",74
68,৬৮,"মুসলিম ১/৫৩৪, নং ৭৭১ ও অন্যান্যগণ।",75
69,৬৯,"আবু দাউদ ১/২৩০, নং ৮৭৩; নাসাঈ, নং ১১৩১; আহমাদ, নং ২৩৯৮০। আর শাইখ আলবানী একে সহীহ আবু দাউদে ১/১৬৬ সহীহ বলেছেন। যার তাখরীজ ৩৭ নং এ চলে গেছে।",76
70,৭০,"মুসলিম ১/২৩০, নং ৪৮৩।",76
71,৭১,"মুসলিম ১/৩৫২, নং ৪৮৬।",77
72,৭২,"আবূ দাউদ ১/২৩১, নং ৮৭৪; ইবন মাজাহ নং ৮৯৭। আরও দেখুন, সহীহ ইবন মাজাহ, ১/১৪৮।",78
73,৭৩,"হাদীসটি নাসাঈ ব্যতীত সুনান গ্রন্থগারগণ সবাই সংকলন করেছেন। আবূ দাউদ, ১/২৩১, নং ৮৫০; তিরমিযী, নং ২৮৪, ২৮৫; ইবন মাজাহ, নং ৮৯৮। আরও দেখুন, সহীহুত তিরমিযী, ১/৯০; সহীহ ইবন মাজাহ ১/১৪৮।",79
74,৭৪,"তিরমিযী, ২/৪৭৪, নং ৩৪২৫; আহমাদ ৬/৩০; নং ২৪০২২; হাকিম ও সহীহ বলেছেন এবং যাহাবী সেটা সমর্থন করেছেন, ১/২২০; আর বাড়তি অংশটুকু তাঁরই। আয়াতটুকু সূরা আল-মুমিনূন এর ১৪ নং আয়াত।",80
75,৭৫,"তিরমিযী ২/৪৭৩, নং ৫৭৯; হাকেম ও সহীহ বলেছেন, আর ইমাম যাহাবী সমর্থন করেছেন, ১/২১৯।",81
76,৭৬,"বুখারী, (ফাতহুল বারীসহ) ১১/১৩, নং ৮৩১; মুসলিম ১/৩০১, নং ৪০২।",82
77,৭৭,"বুখারী, (ফাতহুল বারীসহ) ৬/৪০৮, নং ৩৩৭০; মুসলিম, নং ৪০৬।",84
78,৭৮,"বুখারী, (ফাতহুল বারীসহ) ৬/৪০৭, নং ৩৩৬৯; মুসলিম ১/৩০৬, নং ৪০৭। আর শব্দটি মুসলিমের।",85
79,৭৯,"বুখারী ২/১০২, নং ১৩৭৭; মুসলিম ১/৪১২, নং ৫৮৮। আর শব্দ মুসলিমের।",86
80,৮০,"বুখারী ১/২০২, নং ৮৩২; মুসলিম ১/৪১২, নং ৫৮৭।",87
81,৮১,"বুখারী ৮/১৬৮, নং ৮৩৪; মুসলিম ৪/২০৭৮, নং ২৭০৫।",88
82,৮২,"মুসলিম ১/৫৩৪, নং ৭৭১।",89
83,৮৩,"আবূ দাউদ ২/৮৬, নং ১৫২২; নাসাঈ ৩/৫৩, নং ২৩০২। আর শাইখ আলবানী সহীহ আবি দাউদ ১/২৮৪ এটাকে সহীহ বলেছেন।",89
84,৮৪,"বুখারি, (ফাতহুল বারীসহ) ৬/৩৫, নং ২৮২২ ও নং ৬৩৯০।",90
85,৮৫,"আবূ দাউদ, নং ৭৯২; ইবন মাজাহ নং ৯১০। আরও দেখুন, সহীহ ইবন মাজাহ, ২/৩২৮।",91
86,৮৬,"নাসাঈ ৩/৫৪, ৫৫, নং ১৩০৪; আহমাদ ৪/৩৬৪, নং ২১৬৬৬। আর শাইখ আলবানী সহীহুন নাসাঈ ১/২৮১ তে একে সহীহ বলেছেন।",94
87,৮৭,"নাসাঈ ৩/৫২, নং ১৩০০; শব্দ তাঁরই, আহমাদ ৪/৩৩৮, নং ১৮৯৭। আর আলবানী সহীহুন নাসাঈ ১/২৮০ তে একে সহীহ বলেছেন।",95
88,৮৮,"হাদীসটি সুনানগ্রন্থকারগণ সকলে সংকলন করেছেন। আবূ দাউদ, নং ১৪৯৫; তিরমিযী, নং ৩৫৪৪; ইবন মাজাহ, নং ৩৮৫৮; নাসাঈ, নং ১২৯৯। আরও দেখুন, সহীহ ইবন মাজাহ, ২/৩২৯।",96
89,৮৯,"আবু দাউদ ২/৬২, নং ১৪৯৩; তিরমিযী ৫/৫১৫, নং ৩৪৭৫; ইবন মাজাহ, ২/১২৬৭, নং ৩৮৫৭; নাসাঈ, নং ১৩০০, আর শব্দ তাঁরই; আহমাদ নং ১৮৯৭৪। আর শাইখ আলবানী সহীহ নাসাঈ ১/২৮০ তে একে সহীহ বলেছেন। তাছাড়া আরও দেখুন, সহীহ ইবন মাজাহ ২/৩২৯; সহীহ আত-তিরমিযী, ৩/১৬৩।",97
90,৯০,"মুসলিম ১/৪১৪, নং ৫৯১।",98
91,৯১,"বুখারী ১/২২৫, নং ৮৪৪; মুসলিম ১/৪১৪, নং ৫৯৩। আর দু ব্র্যাকেটের মাঝের অংশ বুখারীতে বর্ধিত এসেছে, নং ৬৪৭৩।",100
92,৯২,"মুসলিম ১/৪১৫, নং ৫৯৪।",101
93,৯৩,"মুসলিম, ১/৪১৮, নং ৫৯৭; আর তাতে রয়েছে, যে ব্যক্তি প্রতি নামাযের পর সেটা বলবে, তার পাপরাশি ক্ষমা করে দেওয়া হয়, যদিও তা সমুদ্রের ফেনারশির মতো হয়।",102
94,৯৪,"আবু দাঊদ ২/৮৬, নং ১৫২৩; তিরমিযী, নং ২৯০৩; নাসাঈ ৩/৬৮, নং ১৩৩৫। আরও দেখুন, সহীহুত তিরমিযী, ২/৮। আর উপরিউক্ত তিনটে সূরাকে ‘আল-মু‘আওয়াযাত’ বলা হয়। দেখুন, ফাতহুল বারী, ৯/৬২।",105
95,৯৫,"হাদীসে এসেছে, “যে ব্যক্তি প্রত্যেক সালাতের পর একে পড়বে, তাকে মৃত্যু ব্যতীত জান্নাতে প্রবেশে আর অন্য কিছু বাধা হয়ে দাঁড়াবে না।” নাসাঈ, আমালুল ইয়াওমি ওয়াল্লাইলাহ, নং ১০০; ইবনুস সুন্নী, নং ১২১। আর শাইখ আলবানী হাদীসটিকে সহীহুল জামে‘ ৫/৩৩৯ তে এবং সিলসিলাতুল আহাদীসিস সহীহা ২/৬৯৭, নং ৯৭২ তে সহীহ বলেছেন। আর আয়াতটি দেখুন, সূরা আল-বাকারাহ-২৫৫।",107
96,৯৬,"তিরমিযী ৫/৫১৫, নং ৩৪৭৪; আহমাদ ৪/২২৭, নং ১৭৯৯০। হাদীসটির তাখরীজের জন্য আরও দেখুন, যাদুল মা‘আদ ১/৩০০।",108
97,৯৭,"ইবন মাজাহ, নং ৯২৫; নাসাঈ, তাঁর আমালুল ইয়াওমি ওয়াল্লাইলাহ গ্রন্থে, হাদীস নং ১০২। আরও দেখুন, সহীহ ইবন মাজাহ, ১/১৫২; মাজমাউয যাওয়াইদ, ১০/১১১। তাছাড়া অচিরেই ৯৫ নং হাদীসেও আসবে।",109
98,৯৮,"বুখারী, ৭/১৬২, নং ১১৬২।",113
99,৯৯,সূরা আলে-ইমরান: ১৫৯।,113
100,১০০,"আনাস রাদিয়াল্লাহু 'আনহু থেকে বর্ণিত, তিনি হাদীসটিকে রাসূল সাল্লাল্লাহু আলাইহি ওয়াসাল্লাম থেকে মারফু' হিসেবে বর্ণনা করেছেন, “কোনো গোষ্ঠী যারা যিকির করছে, তাদের সাথে ফজরের সালাতের পরে সূর্য উঠা পর্যন্ত সময় বসা আমার কাছে ইসমাঈলের বংশধরদের চার জন্য দাস মুক্তির থেকেও বেশি প্রিয়। অনুরূপভাবে কোনো গোষ্ঠী যারা যিকির করছে, তাদের সাথে আসরের সালাতের পরে সূর্য ডুবা পর্যন্ত সময় বসা আমার কাছে চার জন্য দাস মুক্তির থেকেও বেশি প্রিয়।” আবূ দাউদ, নং ৩৬৬৭। আর শাইখ আলবানী, সহীহ আবি দাউদ ২/৬৯৮ তে হাদীসটিকে হাসান বলেছেন।",114
101,১০১,"সূরা আল-বাকারাহ্, ২৫৫। যে ব্যক্তি সকালে তা বলবে সে বিকাল হওয়া পর্যন্ত জিন্ন শয়তান থেকে আল্লাহর আশ্রয়ে থাকবে, আর যে ব্যক্তি বিকালে তা বলবে সে সকাল হওয়া পর্যন্ত জিন শয়তান থেকে আল্লাহর আশ্রয়ে থাকবে। হাদীসটি হাকিম সংকলন করেছেন, ১/৫৬২। আর শাইখ আলবানী একে সহীহুত তারগীব ওয়াত-তারহীবে সহীহ বলেছেন ১/২৭৩। আর তিনি একে নাসাঈ, তাবারানীর দিকে সম্পর্কযুক্ত করেছেন এবং বলেছেন, তাবারানীর সনদ 'জাইয়্যেদ' বা ভালো।",116
102,১০২,"হাদীসে এসেছে, রাসূল বললেন, যে ব্যক্তি সকাল ও বিকালে 'কুল হুআল্লাহু আহাদ' (সূরা ইখলাস), 'সূরা ফালাক' ও 'সূরা নাস' তিনবার করে বলবে, এটাই আপনার সবকিছুর জন্য যথেষ্ট হবে। আবূ দাউদ ৪/৩২২, নং ৫০৮২; তিরমিযী ৫/৫৬৭, নং ৩৫৭৫। আরও দেখুন, সহীহুত তিরমিযী, ৩/১৮২।",116
103,১০৩,"বিকালে বলবে, أَمْسَيْنَا وَأَمْسَى الْمُلْكُ اللَّهَ (আমসাইনা ওয়া আমসাল মুলকু লিল্লাহ) অর্থাৎ “আমরা আল্লাহর জন্য বিকালে উপনীত হয়েছি, আর সকল রাজত্বও তাঁরই অধীনে বিকালে উপনীত হয়েছে।”",120
104,১০৪,"আর যখন বিকাল হবে, তখন বলবে, رَبِّ أَسْأَلُكَ خَيْرَ مَا فِي هَذِهِ اللَّيْلَةِ وَخَيْرَ مَا بَعْدَهَا، وَأَعُوْذُ بِكَ مِنْ شَرِّ مَا فِي هَذِهِ اللَّيْلَةِ، وَشَرِّ مَا بَعْدَهَا.",120
105,১০৫,"মুসলিম, ৪/২০৮৮, নং ২৭২৩।",122
106,১০৬,আর বিকাল হলে রাসূলুল্লাহ্ সাল্লাল্লাহু আলাইহি ওয়াসাল্লাম বলতেন: اللَّهُمَّ بِكَ أَمْسَيْنَا ، وَبِكَ أَصْبَحْنَا، وَبِكَ نَحْيَا، وَبِكَ نَمُوْتُ، وَإِلَيْكَ الْمَصِيرُ.,122
107,১০৭,"তিরমিযী, ৫/৪৬৬, নং ৩৩৯১। আরও দেখুন, সহীহুত তিরমিযী, ৩/১৪২।",123
108,১০৮,অর্থাৎ আমি স্বীকার করছি ও মেনে নিচ্ছি।,124
109,১০৯,"“যে ব্যক্তি সকালবেলা অথবা সন্ধ্যাবেলা এটি ('সায়ি‍্যদুল ইসতিগফার') অর্থ বুঝে দৃঢ় বিশ্বাসসহকারে পড়বে, সে ঐ দিন রাতে বা দিনে মারা গেলে অবশ্যই জান্নাতে যাবে।” বুখারী, ৭/১৫০, নং ৬৩০৬।",125
110,১১০,"আর যখন বিকাল হবে, তখন বলবে, اللهم إِنِّي أَمْسَيْتُ (আল্লা-হুম্মা ইন্নি আমসাইতু) অর্থাৎ, “হে আল্লাহ! আমি বিকালে উপনীত হয়েছি”।",126
111,১১১,"যে ব্যক্তি সকালে অথবা বিকালে তা চারবার বলবে, আল্লাহ তাকে জাহান্নামের আগুন থেকে মুক্ত করবেন। আবূ দাউদ ৪/৩১৭, নং ৫০৭১; বুখারী, আল-আদাবুল মুফরাদ, নং ১২০১; নাসাঈ, 'আমালুল ইয়াওমি ওয়াল লাইলাহ, নং ৯; ইবনুস সুন্নী, নং ৭০। সম্মানিত শাইখ আবদুল আযীয ইবন বায রাহেমাহুল্লাহ তাঁর তুহফাতুল আখইয়ার গ্রন্থের পৃ. ২৩ এ নাসাঈ ও আবূ দাউদের সনদকে হাসান বলেছেন।",127
112,১১২,"আর বিকাল হলে বলবে, اللَّهُمَّ مَا أَمْسَى بِي (আল্লা-হুম্মা মা আমসা বী মিন নি'মাতিন...) অর্থাৎ “হে আল্লাহ! যে নেয়ামত আমার সাথে বিকালে উপনীত হয়েছে...”।",128
113,১১৩,"যে ব্যক্তি সকালবেলা উপরোক্ত দো'আ পাঠ করলো সে যেনো সেই দিনের শুকরিয়া আদায় করলো। আর যে ব্যক্তি বিকালবেলা এ দো'আ পাঠ করলো সে যেনো রাতের শুকরিয়া আদায় করলো""। হাদীসটি সংকলন করেছেন, আবূ দাউদ ৪/৩১৮, নং ৫০৭৫; নাসাঈ, আমালুল ইয়াওমি ওয়াল লাইলাহ, নং ৭; ইবনুস সুন্নী, নং ৪১; ইবন হিব্বান, (মাওয়ারিদ) নং ২৩৬১। আর শাইখ ইবন বায তাঁর তুহফাতুল আখইয়ার পৃ. ২৪ এ এর সনদকে হাসান বলেছেন।",128
114,১১৪,"আবু দাউদ ৪/৩২৪, নং ৫০৯২; আহমাদ ৫/৪২, নং ২০৪৩০; নাসাঈ, আমালুল ইয়াওমি ওয়াল্লাইলাহ, নং ২২; ইবনুস সুন্নী, নং ৬৯; বুখারী, আল-আদাবুল মুফরাদ, নং ৭০১। আর শাইখ আল্লামা ইবন বায রাহিমাহুল্লাহ 'তুহফাতুল আখইয়ার' গ্রন্থের পৃ. ২৬ এ এর সনদকে হাসান বলেছেন।",130
115,১১৫,"যে ব্যক্তি দো'আটি সকালবেলা সাতবার এবং বিকালবেলা সাতবার বলবে তার দুনিয়া ও আখেরাতের সকল চিন্তাভাবনার জন্য আল্লাহই যথেষ্ট হবেন। ইবনুস সুন্নী, নং ৭১, মারফু' সনদে; আবূ দাউদ ৪/৩২১; মাওকুফ সনদে, নং ৫০৮১। আর শাইখ শু'আইব ও আব্দুল কাদের আরনাউত এর সনদকে সহীহ বলেছেন। দেখুন, যাদুল মা'আদ ২/৩৭৬।",130
116,১১৬,"আবূ দাউদ, নং ৫০৭৪; ইবন মাজাহ, নং ৩৮৭১। আরও দেখুন, সহীহ ইবন মাজাহ ২/৩৩২।",132
117,১১৭,"তিরমিযী, নং ৩৩৯২; আবূ দাউদ, নং ৫০৬৭। আরও দেখুন, সহীহুত তিরমিযী, ৩/১৪২।",134
118,১১৮,"যে ব্যক্তি সকালে তিনবার এবং বিকালে তিনবার এটি বলবে, কোনো কিছু তার ক্ষতি করতে পারবে না। আবূ দাউদ, ৪/৩২৩, নং ৫০৮৮; তিরমিযী, ৫/৪৬৫, নং ৩৩৮৮; ইবন মাজাহ, নং ৩৮৬৯; আহমাদ, নং ৪৪৬। আরও দেখুন, সহীহ ইবন মাজাহ, ২/৩৩২। আর আল্লামা ইবন বায রাহিমাহুল্লাহ তাঁর 'তুহফাতুল আখইয়ার' গ্রন্থের ৩৯ পৃষ্ঠায় এটার সনদকে হাসান বলেছেন।",134
119,১১৯,"যে ব্যক্তি এ দো'আ সকাল ও বিকাল তিনবার করে বলবে, আল্লাহর কাছে তার অধিকার হয়ে যায় তাকে কিয়ামাতের দিন সন্তুষ্ট করা। আহমাদ ৪/৩৩৭; নং ১৮৯৬৭; নাসাঈ, আমালুল ইয়াওমি ওয়াল-লাইলাহ, নং ৪; ইবনুস সুন্নী, নং ৬৮; আবু দাউদ, ৪/৩১৮, নং ১৫৩১; তিরমিযী ৫/৪৬৫, নং ৩৩৮৯। আর ইবন বায রাহিমাহুল্লাহ 'তুহফাতুল আখইয়ার' এর ৩৯ পৃষ্ঠায় একে হাসান বলেছেন।",135
120,১২০,"হাকেম ১/৫৪৫, তিনি হাদীসটিকে সহীহ বলেছেন, আর যাহাবী তা সমর্থন করেছেন। আরও দেখুন, সহীহ আত-তারগীব ওয়াত-তারহীব ১/২৭৩।",136
121,১২১,"আর যখন বিকাল হবে, তখন বলবে, أمسينا وأمسى الملك لله رب العالمين (আমসাইনা ওয়া আমসাল মুলকু লিল্লাহি রাব্বিল 'আলামীন) “আমরা বিকালে উপনীত হয়েছি, অনুরূপ যাবতীয় রাজত্বও বিকালে উপনীত হয়েছে সৃষ্টিকুলের রব্ব আল্লাহর জন্য।”",137
122,১২২,"আর যখন বিকাল হবে, তখন বলবে, اللهم إني أسألك خير هذه الليلة فتحها، ونصرها، ونورها، وبركتها، وهداها، وأعوذ بك من شر ما فيها، وشر ما بعدها.",137
123,১২৩,"(আল্লা-হুম্মা ইন্নি আসআলুকা খাইরা হাযিহিল লাইলাতি: ফাতহাহা ওয়া নাসরাহা, ওয়া নূরাহা, ওয়া বারাকাতাহা, ওয়া হুদাহা, ওয়া আ'উযু বিকা মিন শাররি মা ফী-হা, ওয়া শাররি মা বা'দাহা) “হে আল্লাহ, আমি আপনার কাছে কামনা করি এই রাতের কল্যাণ: বিজয়, সাহায্য, নূর, রবকত ও হেদায়াত। আর আমি আপনার কাছে আশ্রয় চাই এ রাতের এবং এ রাতের পরের অকল্যাণ থেকে।” আবু দাউদ ৪/৩২২, নং ৫০৮৪; আর শু'আইব ও আবদুল কাদের আরনাউত যাদুল মা'আদের সম্পাদনায় ২/৩৭৩ এর সনদকে হাসান বলেছেন।",138
124,১২৪,"যখন বিকাল হবে, তখন বলবে, أمسينا على فطرة الإسلام... (আমসাইনা 'আলা ফিতরাতিল ইসলাম...) ""আমরা বিকালে উপনীত হয়েছি ইসলামের ফিত্বরাতের উপর""।",139
125,১২৫,"আহমাদ ৩/৪০৬, ৪০৭, নং ১৫৩৬০ ও নং ১৫৫৬৩; ইবনুস সুন্নী, আমালুল ইয়াওমি ওয়াল-লাইলাহ, নং ৩৪। আরও দেখুন, সহীহুল জামে'উ ৪/২০৯।",140
126,১২৬,"যে ব্যক্তি তা সকালে একশত বার ও বিকালে একশত বার বলবে, কিয়ামতের দিন তার চেয়ে বেশি উৎকৃষ্ট কিছু কেউ নিয়ে আসতে পারবে না, তবে সে ব্যক্তি যে তার মত বলবে, বা তার চেয়ে বেশি আমল করবে। মুসলিম ৪/২০৭১, নং ২৬৯২।",140
127,১২৭,"নাসাঈ, আমালুল ইয়াওমি ওয়াল-লাইলাহ, নং ২৪। আরও দেখুন, সহীহুত তারগীব ওয়াত তারহীব, ১/২৭২; ইবন বায, তুহফাতুল আখইয়ার পৃ. ৪৪। এর ফযীলতের ব্যাপারে আরও দেখন, পৃ. হাদীস নং ২৫৫।",141
128,১২৮,"আবূ দাউদ, নং ৫০৭৭; ইবন মাজাহ, নং ৩৭৯৮; আহমাদ নং ৮৭১৯। আরও দেখুন, সহীহুত তারগীব ওয়াত তারহীব, ১/২৭০; সহীহ আবি দাউদ ৩/৯৫৭; সহীহ ইবন মাজাহ ২/৩৩১ ও যাদুল মা'আদ ২/৩৭৭।",141
129,১২৯,"যে ব্যক্তি দিনে একশত বার বলবে, সেটা তার জন্য দশটি দাসমুক্তির অনুরূপ হবে, তার জন্য একশত সাওয়াব লিখা হবে, সে দিন বিকাল পর্যন্ত সেটা তার জন্য শয়তান থেকে বাঁচার উপায় হিসেবে বিবেচিত হবে; আর কেউ তার মত কিছু নিয়ে আসতে পারবে না, হাঁ, সে ব্যক্তি ব্যতীত যে তার চেয়েও বেশি আমল করবে। বুখারী, ৪/৯৫, নং ৩২৯৩; মুসলিম, ৪/২০৭১, নং ২৬৯১।",142
130,১৩০,"মুসলিম ৪/২০৯০, নং ২৭২৬।",143
131,১৩১,"হাদীসটি সংকলন করেছেন, ইবনুস সুন্নী, নং ৫৪; ইবন মাজাহ, নং ৯২৫। আর আব্দুল কাদের ও শু'আইব আল-আরনাউত যাদুল মা'আদের সম্পাদনায় ২/৩৭৫; এর সনদকে হাসান বলেছেন। আর পূর্ব ৭৩ নং এ ও তা গত হয়েছে।",144
132,১৩২,"বুখারী (ফাতহুল বারীসহ) ১১/১০১, নং ৬৩০৭; মুসলিম ৪/২০৭৫, নং ২৭০২।",145
133,১৩৩,"যে কেউ বিকাল বেলা এ দো'আটি তিনবার বলবে, সে রাতে কোনো বিষধর প্রাণী তার ক্ষতি করতে পারবে না। আহমাদ ২/২৯০, নং ৭৮৯৮; নাসাঈ, আমালুল ইয়াওমি ওয়াল লাইলাহ, নং ৫৯০; ইবনুস সুন্নী, নং ৬৮; আরও দেখুন, সহীহুত তিরমিযী ৩/১৮৭; সহীহ ইবন মাজাহ ২/২৬৬; তুহফাতুল আখইয়ার লি ইবন বায, পৃ. ৪৫।",145
134,১৩৪,"'যে কেউ সকাল বেলা আমার উপর দশবার দরুদ পাঠ করবে এবং বিকাল বেলা দশবার দরুদ পাঠ করবে, কিয়ামতের দিন আমার সুপারিশ দ্বারা সৌভাগ্যবান হবে।' তাবরানী হাদীসটি দু' সনদে সংকলন করেন, যার একটি উত্তম। দেখুন, মাজমা'উয যাওয়ায়েদ ১০/১২০; সহীহুত তারগীব ওয়াত তারহীব ১/২৭৩।",146
135,১৩৫,"বুখারী, (ফাতহুল বারীসহ) ৯/৬২, নং ৫০১৭; মুসলিম ৪/১৭২৩, নং ২১৯২।",149
136,১৩৬,"সূরা আল-বাকারাহ-২৫৫। রাসূলুল্লাহ সাল্লাল্লাহু আলাইহি ওয়াসাল্লাম বলেন: 'যে কেউ যখন রাতে আপন বিছানায় যাবে এবং 'আয়াতুল কুরসী' পড়বে, তখন সে রাতের পুরো সময় আল্লাহর পক্ষ থেকে তার জন্য হেফাযতকারী থাকবে; আর সকাল হওয়া পর্যন্ত শয়তান তার নিকটেও আসতে পারবে না'। বুখারী, (ফাতহুল বারীসহ), ৪/৪৮৭, নং ২৩১১।",151
137,১৩৭,"সূরা আল-বাকারা ২৮৫-২৮৬। রাসূলুল্লাহ সাল্লাল্লাহু আলাইহি ওয়াসাল্লাম বলেন: যে ব্যক্তি রাতের বেলা সূরা বাকারার শেষ দুটি আয়াত পড়বে, তা তার জন্য যথেষ্ট হবে। বুখারী, ফাতহুল বারীসহ, ৯/৯৪, ৪০০৮; মুসলিম ১/৫৫৪, নং ৮০৭।",154
138,১৩৮,"রাসূলুল্লাহ সাল্লাল্লাহু আলাইহি ওয়াসাল্লাম বলেন: 'তোমাদের কোনো ব্যক্তি তার বিছানা ত্যাগ করলো, আবার ঘুমাতে ফিরে এলো সে যেনো তার চাদর বা লুঙ্গির আঁচল দিয়ে তিনবার বিছানাটি ঝেড়ে নেয়। আর যেন সে বিসমিল্লাহ পড়ে, (আল্লাহর নাম নেয়); কেননা সে জানে না যে, তার চলে যাবার পর এতে কী পতিত হয়েছে। তারপর সে যখন শোয়, তখন যেনো এ দো'আটি বলে। (হাদীসে বর্ণিত صنفة إزاره শব্দের অর্থ হচ্ছে, চাদরের পার্শ্বদিকস্থ অংশ। এর জন্য দেখুন, নিহায়া ফী গারিবিল হাদীস ওয়াল আসার' 'ا صنف",155
139,১৩৯,"বুখারী, ফাতহুল বারীসহ ১১/১২৬, নং ৬৩২০; মুসলিম ৪/২০৮৪, নং ২৭১৪।",156
140,১৪০,"মুসলিম ৪/২০৮৩, নং ২৭১২; আহমাদ, তাঁর শব্দে ২/৭৯, নং ৫৫০২।",157
141,১৪১,"রাসূলুল্লাহ সাল্লাল্লাহু আলাইহি ওয়াসাল্লাম যখন ঘুমানোর ইচ্ছা করতেন তখন তাঁর ডান হাত তাঁর গালের নীচে রাখতেন, তারপর এ দো'আটি বলতেন।",157
142,১৪২,"আবূ দাউদ, শব্দ তাঁরই, ৪/৩১১, নং ৫০৪৫; তিরমিযী, নং ৩৩৯৮; আরও দেখুন, সহীহুত তিরমিযী, ৩/১৪৩; সহীহ আবী দাউদ, ৩/২৪০।",157
143,১৪৩,"বুখারী, (ফাতহুল বারীসহ) ১১/১১৩, নং ৬৩২৪; মুসলিম ৪/২০৮৩, নং ২৭১১।",158
144,১৪৪,"রাসূলুল্লাহ সাল্লাল্লাহু আলাইহি ওয়াসাল্লাম আলী এবং ফতেমাকে বলেন: আমি কি তোমাদেরকে এমন কিছু বলে দিবো না যা তোমাদের জন্য খাদেম অপেক্ষাও উত্তম হবে? যখন তোমরা তোমাদের বিছানায় যাবে, তখন তোমরা দু'জনে ৩৩ বার সুবহানাল্লাহ, ৩৩ বার আলহামদু লিল্লাহ, এবং ৩৪ বার বলবে, যা তা খাদেম অপেক্ষাও তোমাদের জন্য উত্তম হবে”। বুখারী, (ফাতহুল বারীসহ) ৭/৭১, নং ৩৭০৫; মুসলিম ৪/২০৯১, নং ২৭২৬।",159
145,১৪৫,"মুসলিম ৪/২০৮৪, নং ২৭১৩।",161
146,১৪৬,"মুসলিম ৪/২০৮৫, নং ২৭১৫।",162
147,১৪৭,"আবূ দাউদ, ৪/৩১৭, নং ৫০৬৭; তিরমিযী, নং ৩৬২৯; আরও দেখুন, সহীহুত তিরমিযী, ৩/১৪২।",163
148,১৪৮,"রাসূলুল্লাহ্ সাল্লাল্লাহু আলাইহি ওয়াসাল্লাম সূরা সাজদা এবং সূরা মুলক না পড়ে ঘুমাতেন না। তিরমিযী, নং ৩৪০৪; নাসাঈ, আমালুল ইয়াওমি ওয়াল লাইলাহ, নং ৭০৭। আরও দেখুন, সহীহুল জামে' ৪/২৫৫।",164
149,১৪৯,"রাসূলুল্লাহ্ সাল্লাল্লাহু আলাইহি ওয়াসাল্লাম বলেছেন, “যখন তুমি বিছানা গ্রহণ করবে, তখন নামাযের মত ওযু করবে, তারপর তোমার ডান পার্শ্বদেশে শুয়ে পড়বে। তারপর বল, আল-হাদীস।",165
150,১৫০,"রাসূলুল্লাহ সাল্লাল্লাহু আলাইহি ওয়াসাল্লাম যাকে এ দো'আটি শিক্ষা দিলেন, তাকে বলেন: যদি তুমি ঐ রাতে মারা যাও তবে 'ফিতরাত' তথা দীন ইসলামের উপর মারা গেলে। বুখারী, (ফাতহুল বারীসহ) ১১/১১৩, নং ৬৩১৩; মুসলিম ৪/২০৮১, নং ২৭১০।",166
151,১৫১,"আয়েশা রাদিয়াল্লাহু আনহা বলেন, রাসূলুল্লাহ সাল্লাল্লাহু আলাইহি ওয়াসাল্লাম রাতে যখন বিছানায় পার্শ্ব পরিবর্তন করতেন তখন তা বলতেন। হাদীসটি সংকলন করেছেন, হাকেম এবং তিনি তা সহীহ বলেছেন, আর ইমাম যাহাবী তাকে সমর্থন করেছেন, ১/৫৪০; নাসাঈ, আমালুল ইয়াওমি ওয়াল্লাইলা, নং ২০২; ইবনুস সুন্নী, নং ৭৫৭। আরও দেখুন, সহীহুল জামে' ৪/২১৩।",167
152,১৫২,"আবূ দাউদ ৪/১২, নং ৩৮৯৩; তিরমিযী, নং ৩৫২৮। আরও দেখুন, সহীহুত তিরমিযী ৩/১৭১।",168
153,১৫৩,"মুসলিম, ৪/১৭৭২, নং ২২৬১।",168
154,১৫৪,"মুসলিম, ৪/১৭৭২, ১৭৭৩, নং ২২৬১, ২২৬২।",168
155,১৫৫,"মুসলিম, ৪/১৭৭২, নং ২২৬১ ও নং ২২৬৩।",168
156,১৫৬,"মুসলিম, ৪/১৭৭৩, নং ২২৬১।",169
157,১৫৭,"মুসলিম ৪/১৭৭৩, নং ২২৬৩।",169
158,১৫৮,"সুনান গ্রন্থকারগণ, আহমাদ, দারামী ও বাইহাকী এ হাদীসটি সংকলন করেছেন। আবূ দাউদ, নং ১৪২৫; তিরমিযী, নং ৪৬৪; নাসাঈ, নং ১৭৪৪; ইবন মাজাহ, নং ১১৭৮; আহমাদ, নং ১৭১৮; দারামী, নং ১৫৯২; হাকিম, ৩/১৭২; বাইহাকী, ২/২০৯। আর দু' ব্রাকেটের মাঝখানের অংশ বাইহাকীর। আরও দেখুন, সহীহুত তিরমিযী ১/১৪৪, সহীহ ইবন মাজাহ, ১/১৯৪; ইরওয়াউল গালীল, লিল আলবানী, ২/১৭২।",171
159,১৫৯,"সুনান গ্রন্থকারগণ ও আহমাদ হাদীসটি সংকলন করেছেন। আবু দাউদ, নং ১৪২৭; তিরমিযী, নং ৩৫৬৬; নাসাঈ, নং ১৭৪৬; ইবন মাজাহ, নং ১১৭৯; আহমাদ, নং ৭৫১। আরও দেখুন, সহীহুত তিরমিযী, ৩/১৮০; সহীহ ইবন মাজাহ, ১/১৯৪, আল-ইরওয়া, ২/১৭৫।",172
160,১৬০,"হাদীসটি বায়হাকী তাঁর 'আস-সুনানুল কবরা' গ্রন্থে সংকলন করেছেন এবং তার সনদ বিশুদ্ধ বলেছেন, ২/২১১। আর শাইখ আলবানী ইরওয়াউল গালীল এর ২/১৭০ এ বলেন, 'এর সনদ বিশুদ্ধ। আর তা উমর রা. থেকে মওকূফ হাদীসে বর্ণিত।",174
161,১৬১,"নাসাঈ, ৩/২৪৪, নং ১৭৩৪; দারা কুতনী, ২/৩১ ও অন্যান্যগণ। আর দুই ব্রাকেটের মাঝখানের অংশ দারা কুতনীতে ২/৩১, নং ২ বেশি বর্ণিত। যার সনদ বিশুদ্ধ। আরও দেখুন, শু'আইব আল-আরনাউত ও আবদুল কাদের আল-আরনাউত এর 'যাদুল মা'আদ' গ্রন্থের সম্পাদনা ১/৩৩৭।",175
162,১৬২,"আহমাদ ১/৩৯১, নং ৩৭১২। আর শাইখ আলবানী তাঁর সিলসিলাতুল আহাদীসিস সহীহাহ গ্রন্থে ১/৩৩৭ একে সহীহ বলেছেন।",177
163,১৬৩,"বুখারী, ৭/১৫৮, নং ২৮৯৩; সেখানে এসেছে, রাসূলুল্লাহ্ সাল্লাল্লাহু আলাইহি ওয়াসাল্লাম এ দো'আটি বেশি বেশি করতেন। আরও দেখুন, বুখারী, (ফাতহুল বারীসহ) ১১/১৭৩; আরও দেখুন যা পৃষ্ঠায় ১৩৭ নং এ বর্ণিত হবে।",178
164,১৬৪,"বুখারী, (ফাতহুল বারীসহ) ৭/১৫৪, নং ৬৩৪৫; মুসলিম ৪/২০৯২, নং ২৭৩০।",179
165,১৬৫,"আবূ দাউদ, ৪/৩২৪, নং ৫০৯০; আহমাদ ৫/৪২, নং ২০৪৩০। আর শাইখ আলবানী সহীহ আবি দাউদ গ্রন্থে ৩/৯৫৯ এটাকে হাসান হাদীস বলেছেন।",180
166,১৬৬,"তিরমিযী ৫/৫২৯, নং ৩৫০৫; হাকেম এবং তিনি একে সহীহ বলেছেন, যাহাবী সেটা সমর্থন করেছেন, ১/৫০৫। আরও দেখুন, সহীহুত তিরমিযী, ৩/১৬৮।",180
167,১৬৭,"হাদীসটি সংকলন করেছেন, আবুদাউদ, ২/৮৭, নং ১৫২৫; ইবন মাজাহ, নং ৩৮৮২। আরও দেখুন, সহীহ ইবন মাজাহ, ২/৩৩৫।",181
168,১৬৮,"আবু দাউদ ২/৮৯, নং ১৫৩৭; আর হাকেম হাদীসটিকে সহীহ বলেছেন এবং ইমাম যাহাবী একে সমর্থন করেছেন ২/১৪২।",182
169,১৬৯,"আবূ দাউদ ৩/৪২, নং ২৬৩২; তিরমিযী ৫/৫৭২, নং ৩৫৮৪। আরও দেখুন, সহীহুত তিরমিযী, ৩/১৮৩।",182
170,১৭০,"বুখারী ৫/১৭২, নং ৪৫৬৩।",183
171,১৭১,"বুখারী, আল-আদাব আল-মুফরাদ, নং ৭১২। আর শাইখ আলবানী সহীহ আল-আদাবুল মুফরাদ গ্রন্থে, নং ৫৪৫, একে সহীহ বলেছেন।",184
172,১৭২,"বুখারী, আল-আদাব আল-মুফরাদ, নং ৭০৮। আর শাইখ আলবানী সহীহ আল-আদাবুল মুফরাদ গ্রন্থে, নং ৫৪৬, একে সহীহ বলেছেন।",186
173,১৭৩,"মুসলিম, ৩/১৩৬২, নং ১৭৪২।",187
174,১৭৪,"মুসলিম ৪/২৩০০, নং ৩০০৫।",187
175,১৭৫,"বুখারী, (ফাতহুল বারীসহ) ৬/৩৩৬, নং ৩২৭৬; মুসলিম ১/১২০, নং ১৩৪।",188
176,১৭৬,"বুখারী, (ফাতহুল বারীসহ) ৬/৩৩৬, নং ৩২৭৬; মুসলিম ১/১২০, ১৩৪।",188
177,১৭৭,"মুসলিম ১/১১৯-১২০, নং ১৩৪।",188
178,১৭৮,"সূরা হাদীদ-৩, আবূ দাউদ ৪/৩২৯, নং ৫১১০। আর শাইখ আলবানী সহীহ আবি দাউদ ৩/৯৬২ একে হাসান বলেছেন।",189
179,১৭৯,"তিরমিযী ৫/৫৬০, নং ৩৫৬৩। আরও দেখুন, সহীহুত তিরমিযী, ৩/১৮০।",190
180,১৮০,"বুখারী, ৭/১৫৮, নং ২৮৯৩। তাছাড়া পূর্বে পৃষ্ঠায় ১২১ নং এ গত হয়েছে।",191
181,১৮১,"মুসলিম ৪/১৭২৯, ২২০৩। সেখানে এসেছে, উসমান ইবনুল 'আস রাদিয়াল্লাহু 'আনহু বলেন, আমি বললাম, হে আল্লাহর রাসূল! শয়তান আমার ও আমার নামাযের মাঝে অনুপ্রবেশ করে এবং কিরাআতে বিভ্রান্তি সৃষ্টি করে। তখন রাসূলুল্লাহ সাল্লাল্লাহু আলাইহি",191
182,১৮২,"সহীহ ইবন হিব্বান ২৪২৭, (মাওয়ারিদ); ইবনুস সুন্নী, নং ৩৫১। আর হাফেয (ইবন হাজার) বলেন, এটি সহীহ হাদীস। তাছাড়া আবদুল কাদের আরনাউত ইমাম নওয়াবীর আযকার গ্রন্থের তাখরীজে পৃ. ১০৬, একে সহীহ বলে মত প্রকাশ করেছেন।",192
183,১৮৩,"আবূ দাউদ ২/৮৬, ১৫২১; তিরমিযী ২/২৫৭, নং ৪০৬; আর শাইখ আলবানী সহীহ আবি দাউদে ১/২৮৩ একে সহীহ বলে মত প্রকাশ করেছেন।",193
184,১৮৪,"আবু দাউদ ১/২০৩, ইবন মাজাহ ১/২৬৫, নং ৮০৭। আর পূর্বে ৩১ নং হাদীসে এর তাখরীজ চলে গেছে। আরও দেখুন, সূরা আল-মুমিনূন এর ৯৭-৯৮।",193
185,১৮৫,"মুসলিম ১/২৯১; নং ৩৮৯; বুখারী, ১/১৫১, নং ৬০৮।",193
186,১৮৬,"নবী সাল্লাল্লাহু আলাইহি ওয়াসাল্লাম বলেন, ""তোমরা তোমাদের ঘরসমূহ কবরে পরিণত করুন না। নিশ্চয় শয়তান ঐ ঘর থেকে পলায়ন করে যেখানে সূরা বাকারাহ্ পাঠ করা হয়।” মুসলিম ১/৫৩৯, হাদীস নং ৭৮০। তাছাড়া আরও যা শয়তানকে তাড়িয়ে দেয় তা হচ্ছে, সকাল বিকালের যিকিরসমূহ, ঘুমের যিকির, জাগ্রত হওয়ার যিকির, ঘরে প্রবেশের ও ঘর থেকে বের হওয়ার যিকিরসমূহ, মসজিদে প্রবেশের ও মসজিদ থেকে বের হওয়ার যিকিরসমূহ, ইত্যাদী শরী'আতসম্মত যিকিরসমূহ। যেমন, ঘুমের সময় আয়াতুল কুরসী, সূরা আল-বাকারার সর্বশেষ দু'টি আয়াত। তাছাড়া যে ব্যক্তি ""লা ইলাহা ইল্লাল্লাহু ওয়াহদাহু লা শারীকা লাহু, লাহুল মুলকু ওয়া লাহুল হামদু, ওয়াহুয়া 'আলা কুল্লি শাইয়িন কাদীর"" একশতবার পড়বে, সেটা তার জন্য সে দিনটির জন্য পুরোপুরিই হেফাযতের কাজ দিবে। তদ্রুপ আযান দিলেও শয়তান পলায়ন করে।",194
187,১৮৭,"হাদীসে এসেছে, ""শক্তিশালী ঈমানদার আল্লাহর নিকট উত্তম ও প্রিয় দুর্বল ঈমানদারের চেয়ে। আর তাদের (ঈমানদারদের) প্রত্যেকের মধ্যেই কল্যাণ নিহিত রয়েছে। তোমার যা কাজে লাগবে সেটা করার ব্যাপারে সচেষ্ট হও আর আল্লাহর সাহায্য চাও, অপারগ হয়ে যেও না। আর যদি তোমার কোনো অনাকাঙ্খিত বিষয় উদয় হয়, তখন বলো না যে, 'যদি আমি এরকম করতাম তাহলে তা এই এই হতো', বরং বলো, ""এটা আল্লাহর ফয়সালা, আর তিনি যা ইচ্ছে করেছেন। কেননা, 'যদি' শয়তানের কাজের সূচনা করে দেয়। মুসলিম, ৪/২০৫২, নং ২৬৬৪।",195
188,১৮৮,"এটি হাসান বসরী রাহিমাহুল্লাহর বাণী হিসেবে উল্লেখিত হয়েছে। দেখুন, তুহফাতুল মাওদূদ লি ইবনিল কাইয়্যেম, পৃ. ২০; তিনি একে ইবনুল মুনযির এর আল-আওসাত্ব গ্রন্থের দিকে সম্পর্কযুক্ত করেছেন।",196
189,১৮৯,"এটি ইমাম নাওয়াবী তার আল-আযকার গ্রন্থে পৃ. ৩৪৯ উল্লেখ করেছেন। আরও দেখুন, সহীহুল আযকার লিন নাওয়াবী, সলীম আল-হিলালী, ২/৭১৩। আর এর বিস্তারিত তাখরীজ দেখার জন্য গ্রন্থকারের 'আয-যিকর ওয়াদ দো'আ ওয়াল 'ইলাজ বির রুকা' গ্রন্থটি দেখুন, পৃ. ১/৪১৬।",197
190,১৯০,"বুখারী ৪/১১৯, নং ৩৩৭১; ইবন আব্বাস রাদিয়াল্লাহু আনহুমার হাদীস থেকে।",198
191,১৯১,"বুখারী (ফাতহুল বারীসহ) ১০/১১৮, নং ৩৬১৬।",199
192,১৯২,"নবী সাল্লাল্লাহু আলাইহি ওয়াসাল্লাম বলেন, কেউ মৃত্যু আসন্ন নয় এমন কোনো রোগীকে দেখতে গেলে, সে তার সামনে এই দো'আ সাতবার পাঠ করবে, এর ফলে আল্লাহ তাকে (মৃত্যু আসন্ন না হলে) রোগমুক্ত করবেন। এ দো'আ সাতবার পড়বে। তিরমিযী, নং ২০৮৩; আবু দাউদ, নং ৩১০৬। আরও দেখুন, ২/২১০; সহীহুল জামে' ৫/১৮০।",199
193,১৯৩,"তিরমিযী, নং ৯৬৯; ইবন মাজাহ, নং ১৪৪২; আহমাদ, নং ৯৭৫। আরও দেখুন, সহীহ ইবন মাজাহ্ ১/২৪৪; সহীহুত তিরমিযী, ১/২৮৬। তাছাড়া শাইখ আহমাদ শাকেরও হাদীসটি বিশুদ্ধ বলেছেন।",200
194,১৯৪,"বুখারী ৭/১০, নং ৪৪৩৫; মুসলিম ৪/১৮৯৩, নং ২৪৪৪।",201
195,১৯৫,"বুখারী, (ফাতহুল বারীসহ), ৮/১৪৪, নং ৪৪৪৯; তবে হাদীসে মিসওয়াকের উল্লেখও এসেছে।",202
196,১৯৬,"হাদীসটি ইমাম তিরমিযী সংকলন করেছেন, নং ৩৪৩০; ইবন মাজাহ, নং ৩৭৯৪; আর শাইখ আলবানী একে সহীহ বলেছেন। দেখুন, সহীহুত তিরমিযী ৩/১৫২; সহীহ ইবন মাজাহ ২/৩১৭।",203
197,১৯৭,"আবূ দাউদ ৩/১৯০, নং ৩১১৬; আরও দেখুন, সহীহুল জামে' ৫/৪৩২।",204
198,১৯৮,"মুসলিম ২/৬৩২, নং ৯১৮।",204
199,১৯৯,"মুসলিম ২/৬৩৪, নং ৯২০।",206
200,২০০,"মুসলিম ২/৬৬৩, নং ৯৬৩।",208
201,২০১,"আবূ দাউদ, নং ৩২০১; তিরমিযী, নং ১০২৪; নাসাঈ, নং ১৯৮৫; ইবন মাজাহ, ১/৪৮০, নং ১৪৯৮; আহমাদ ২/৩৬৮, নং ৮৮০৯। আরও দেখুন, সহীহ ইবন মাজাহ ১/২৫১।",209
202,২০২,"ইবন মাজাহ, নং ১৪৯৯। দেখুন, সহীহ ইবন মাজাহ ১/২৫১। তাছাড়া হাদীসটি আবূ দাউদও বর্ণনা করেছেন, ৩/২১১, নং ৩২০২।",210
203,২০৩,"হাদীসটি সংকলণ করেন, হাকেম তাঁর মুস্তাদরাকে এবং সহীহ বলেছেন, ১/৩৫৯; আর যাহাবী সেটা সমর্থন করেছেন। আরও দেখুন, আলবানী, আহকামুল জানায়েয, পৃ. ১২৫।",211
204,২০৪,"সা'ঈদ ইবনুল মুসাইয়্যেব বলেন, আমি আবু হুরাইরা রাদিয়াল্লাহু আনহুর পিছনে একটি শিশুর জানাযার সালাত আদায় করেছি, যে শিশু কখনও কোনো গুনাহ করে নি, তখন আমি তাকে (উপরোক্ত দো'আটি) বলতে শুনলাম...। হাদীসটি ইমাম মালেক তার মুওয়াত্তা গ্রন্থে সংকলন করেন, ১/২৮৮; ইবন আবী শাইবাহ তার মুসান্নাফ গ্রন্থে, ৩/২১৭; বাইহাকী, ৪/৯। আর শাইখ শু'আইব আল-আরনাউত শারহুস সুন্নাহ লিল বাগভীর তাহকীকে ৫/৩৫৭, এটার সনদকে সহীহ বলেছেন।",212
205,২০৫,"দেখুন, আল-মুগনী, লি ইবন কুদামা, ৩/৪১৬; আরও দেখুন, আদ-দুরুসুল মুহিম্মাহ লি 'আম্মাতিল উম্মাহ, লিশ শাইখ আবদিল আযীয ইবন আব্দিল্লাহ ইবন বায, রাহেমাহুল্লাহ, পৃ. ১৫।",214
206,২০৬,"হাসান বসরী রাহেমাহুল্লাহ যখন ছোট শিশুদের জানাযা পড়তেন তখন তার উপর সূরা ফাতেহা পড়তেন এবং উপরোক্ত দো'আ বলতেন। হাদীসটি ইমাম বাগভী তার শারহুস সুন্নাহ ৫/৩৫৭ এ বর্ণনা করেছেন। আরও বর্ণনা করেছেন, আব্দুর রায্যাক তার মুসান্নাফে, নং ৬৫ ৮৮। তাছাড়া ইমাম বুখারী, কিতাবুল জানায়েয এর, ৬৫, বাবু কিরাআতি ফাতিহাতিল কিতাব আলাল জানাযাত ২/১১৩; ১৩৩৫ নং হাদীসের পূর্বে এটাকে তা'লীক বা সনদ ব্যতীত বর্ণনা করেছেন।",215
207,২০৭,"বুখারী, ২/৮০, নং ১২৮৪; মুসলিম, ২/৬৩৬, নং ৯২৩।",216
208,২০৮,"আল-আযকার লিন নাওয়াওয়ী, পৃ. ১২৬।",217
209,২০৯,"আবূ দাউদ ৩/৩১৪, নং ৩২১৫ সহীহ সনদে; অনুরূপভাবে আহমাদ, নং ৫২৩৪; আর ৪৮১২ এর শব্দ হচ্ছে, 'বিসমিল্লাহ ওয়া আলা মিল্লাতি রাসূলিল্লাহ' অর্থাৎ 'আল্লাহর নামে এবং রাসূলুল্লাহর মিল্লাতের ওপর।' তার সনদও বিশুদ্ধ।",217
210,২১০,"নবী সাল্লাল্লাহু আলাইহি ওয়াসাল্লাম মৃত ব্যক্তিকে দাফন করার পর কবরের পাশে দাঁড়াতেন এবং বলতেন, 'তোমাদের ভাইয়ের জন্য ক্ষমা প্রার্থনা কর, আর তার জন্য দৃঢ়তা চাও। কেননা এখনই তাকে জিজ্ঞাসা করা হবে'। আবুদাউদ ৩/৩১৫, নং ৩২২৩; হাকেম এবং তিনি একে সহীহ বলেছেন, আর যাহাবী সমর্থন করেছেন, ১/৩৭০।",218
211,২১১,"মুসলিম ২/৬৭১, নং ৯৭৫; ইবন মাজাহ, ১/৪৯৪, আর শব্দ তাঁরই, নং ১৫৪৭; বুরাইদা রাদিয়াল্লাহু 'আনহু থেকে। আর দু ব্রাকেটের মাঝখানের অংশ আয়েশা রাদিয়াল্লাহু আনহার হাদীস থেকে, যা সংকলন করেছেন, মুসলিম, ২/৬৭১, নং ৯৭৫।",219
212,২১২,"আবূ দাউদ ৪/৩২৬, নং ৫০৯৯; ইবন মাজাহ ২/১২২৮, নং ৩৭২৭। আরও দেখুন, সহীহ ইবন মাজাহ ২/৩০৫।",220
213,২১৩,"মুসলিম, আর শব্দ তাঁরই, ২/৬১৬, নং ৮৯৯; বুখারী, ৪/৭৬, নং ৩২০৬ ও ৪৮২৯।",221
214,২১৪,"“আবদুল্লাহ ইবনু যুবাইর রাদিয়াল্লাহু আনহুমা মেঘের গর্জন শুনলে কথা বলা বন্ধ করে দিতেন এবং এই দো'আ পড়তেন...। মুওয়াত্তা ইমাম মালেক ২/৯৯২। আর আলবানী তাঁর সহীহুল কালেমিত তাইয়্যেব গ্রন্থে পৃ. ১৫৭, বলেন, “এর সনদটি মওকূফ সহীহ”।",222
215,২১৫,"আবূ দাউদ, ১/৩০৩, নং ১১৭১। আর শাইখ আলবানী সহীহ আবি দাউদে একে সহীহ বলেছেন, ১/২১৬।",223
216,২১৬,"বুখারী ১/২২৪, নং ১০১৪; মুসলিম ২/৬১৩, নং ৮৯৭।",223
217,২১৭,"আবু দাউদ ১/৩০৫, নং ১১৭৮। আর শাইখ আলবানী তাঁর সহীহ আবি দাউদে একে হাসান বলেছেন, ১/২১৮।",224
218,২১৮,"বুখারী, (ফাতহুল বারীসহ) ২/৫১৮, নং ১০৩২।",224
219,২১৯,"বুখারী ১/২০৫, নং ৮৪৬; মুসলিম ১/৮৩, নং ৭১।",225
220,২২০,"বুখারী ১/২২৪, নং ৯৩৩; মুসলিম ২/৬১৪, নং ৮৯৭।",226
221,২২১,"তিরমিযী ৫/৫০৪, নং ৩৪৫১; আদ-দারিমী, শব্দ তাঁরই, ১/৩৩৬। আরও দেখুন, সহীহুত তিরমিযী, ৩/১৫৭।",227
222,২২২,"হাদীসটি সংকলন করেছেন আবু দাউদ ২/৩০৬, নং ২৩৫৯ ও অন্যান্য। আরও দেখুন, সহীহুল জামে' ৪/২০৯।",228
223,২২৩,"হাদীসটি সংকলন করেছেন, ইবন মাজাহ ১/৫৫৭, নং ১৭৫৩; যা মূলত আবদুল্লাহ ইবন আমর রাদিয়াল্লাহু আনহুমার দো'আ। আর হাফেয ইবন হাজার তাঁর তাখরীজুল আযকারে এটার সনদকে হাসান বলেছেন। শরহুল আযকার, ৪/৩৪২।",228
224,২২৪,"হাদীসটি সংকলন করেছেন আবূ দাউদ ৩/৩৪৭, নং ৩৭৬৭; তিরমিযী, ৪/২৮৮, নং ১৮৫৮। আরও দেখুন, সহীহুত তিরমিযী, ২/১৬৭।",229
225,২২৫,"তিরমিযী ৫/৫০৬, নং ৩৪৫৫। আরও দেখুন, সহীহুত তিরমিযী, ৩/১৫৮।",231
226,২২৬,"হাদীসটি নাসাঈ ব্যতীত সকল সুনান গ্রন্থকারগণ সংকলন করেছেন। আবূ দাউদ, নং ৪০২৫; তিরমিযী, নং ৩৪৫৮; ইবন মাজাহ, নং ৩২৮৫। আরও দেখুন, সহীহুত তিরমিযী ৩/১৫৯।",232
227,২২৭,"বুখারী ৬/২১৪, হাদীস নং ৫৪৫৮; তিরমিযী, আর শব্দটি তাঁরই, ৫/৫০৭, নং ৩৪৫৬।",233
228,২২৮,"মুসলিম ৩/১৬১৫, নং ২০৪২।",233
229,২২৯,"মুসলিম ৩/১৬২৬, নং ২০৫৫।",234
230,২৩০,"সুনান আবি দাউদ ৩/৩৬৭, নং ৩৮৫৬; ইবন মাজাহ ১/৫৫৬, নং ১৭৪৭; নাসাঈ, আমালুল ইয়াওমি ওয়াল লাইলাহ, নং ২৯৬-২৯৮। আর সেখানে স্পষ্টভাবে বর্ণিত আছে যে রাসূলুল্লাহ সাল্লাল্লাহু আলাইহি ওয়াসাল্লাম যখন তার পরিবারের কাছে ইফতার করতেন তখন তা বলতেন। আর শাইখ আলবানী তাঁর সহীহ আবি দাউদে একে সহীহ বলেছেন, ২/৭৩০।",235
231,২৩১,"মুসলিম, ২/১০৫৪, নং ১১৫০।",236
232,২৩২,"বুখারী, (ফাতহুল বারীসহ) ৪/১০৩, নং ১৮৯৪; মুসলিম, ২/৮০৬, নং ১১৫১।",236
233,২৩৩,"মুসলিম, ২/১০০০, নং ১৩৭৩।",237
234,২৩৪,"বুখারী ৭/১২৫, নং ৫৮৭০।",238
235,২৩৫,"তিরমিযী ৫/৮২, নং ২৭৪১; আহমাদ ৪/৪০০, নং ১৯৫৮৬; আবু দাউদ, ৪/৩০৮, নং ৫০৪০। আরও দেখুন, সহীহুত তিরমিযী, ২/৩৫৪।",239
236,২৩৬,"হাদীসটি নাসাঈ ব্যতীত সকল সুনানগ্রন্থকারগণই সংকলন করেছেন। আবু দাউদ, নং ২১৩০; তিরমিযী, নং ১০৯১; ইবন মাজাহ, নং ১৯০৫; নাসাঈ, আমালুল ইয়াওমি ওয়াল-লাইলাহ, নং ২৫৯। আরও দেখুন, সহীহুত তিরমিযী ১/৩১৬।",240
237,২৩৭,"আবু দাউদ-২/২৪৮, নং ২১৬০; ইবন মাজাহ ১/৬১৭, নং ১৯১৮। আরও দেখুন, সহীহ ইবন মাজাহ, ১/৩২৪।",241
238,২৩৮,"বুখারী ৬/১৪১, নং ১৪১; মুসলিম ২/১০২৮, নং ১৪৩৪।",242
239,২৩৯,"বুখারী ৭/৯৯, নং ৩২৮২; মুসলিম ৪/২০১৫, নং ২৬১০।",242
240,২৪০,"তিরমিযী ৫/৪৯৪, ৫/৪৯৩, নং ৩৪৩২। আরও দেখুন, সহীহুত তিরমিযী, ৩/১৫৩।",243
241,২৪১,"তিরমিযী, নং ৩৪৩৪; ইবন মাজাহ, নং ৩৮১৪। আরও দেখুন, সহীহুত তিরমিযী, ৩/১৫৩; সহীহু ইবনি মাজাহ, ২/৩২১। আর শব্দটি তিরমিযীর।",244
242,২৪২,"হাদীসটি সুনান গ্রন্থকারগণ সবাই সংকলন করেছেন। আবু দাউদ, নং ৪৮৫৮; তিরমিযী, নং ৩৪৩৩; নাসাঈ, নং ১৩৪৪। আরও দেখুন, সহীহুত তিরমিযী ৩/১৫৩। তাছাড়া এটাও প্রমাণিত হয়েছে যে, আয়েশা রাদিয়াল্লাহু আনহা বলেন, রাসূলুল্লাহ সাল্লাল্লাহু 'আলাইহি ওয়াসাল্লাম যখনই কোনো মজলিসে বসেছেন, অথবা কুরআন তেলাওয়াত করেছেন, অথবা সালাত আদায় করেছেন, তখনই একে কিছু বাক্যের মাধ্যমে সম্পন্ন করেছেন।...। হাদীসটি নাসাঈ তাঁর আমালুল ইয়াওমি ওয়াল-লাইলাহ গ্রন্থে নং ৩০৮ এ বর্ণনা করেছেন। অনুরূপভাবে আহমাদ, ৬/৭৭, নং ২৪৪৮৬। আর ড. ফারূক হাম্মাদাহ, ইমাম নাসাঈ এর আমালুল ইয়াওমি ওয়াল-লাইলাহ গ্রন্থের তাহকীকের সময় এ হাদীসটিকে সহীহ বলেছেন। পৃ. ২৭৩।",245
243,২৪৩,"আহমাদ ৫/৮২, নং ২০৭৭৮; আন-নাসাঈ, আমালুল ইয়াওমি ওয়াল লাইলাহ, পৃ. ২১৮, নং ৪২১। তাহকীক, ড. ফারূক হাম্মাদাহ।",246
244,২৪৪,"তিরমিযী, হাদীস নং ২০৩৫। আরও দেখুন, সহীহুল জামে' ৬২৪৪; সহীহুত তিরমিযী, ২/২০০।",246
245,২৪৫,"মুসলিম ১/৫৫৫, নং ৮০৯; অন্য বর্ণনায় এসেছে, সূরা কাহাফের শেষাংশ, ১/৫৫৬, নং ৮০৯।",247
246,২৪৬,"দেখুন, এ গ্রন্থের হাদীস নং ৫৫, ও হাদীস নং ৫৬",247
247,২৪৭,"হাদীসটি সংকলন করেছেন, আবু দাউদ ৪/৩৩৩, নং ৫১২৫। আর শাইখ আলবানী একে সহীহ আবি দাউদে হাসান বলেছেন, ৩/৯৬৫।",247
248,২৪৮,"বুখারী, (ফাতহুল বারীসহ) ৪/২৮৮, হাদীস নং ২০৪৯।",248
249,২৪৯,"হাদীসটি সংকলন করেছেন, নাসাঈ, তাঁর আমালুল ইয়াওমি ওয়াল-লাইলাহ গ্রন্থে, পৃ. ৩০০; ইবন মাজাহ, ২/৮০৯, নং ২৪২৪। আরও দেখুন, সহীহ ইবন মাজাহ, ২/৫৫।",249
250,২৫০,"আহমাদ ৪/৪০৩, নং ১৯৬০৬; ইমাম বুখারীর আল-আদাবুল মুফরাদ, নং ৭১৬। আরও দেখুন, সহীহ আল জামে ৩/২৩৩; সহীহুত তারগীব ওয়াত তারহীব লিল আলবানী, ১/১৯।",250
251,২৫১,"হাদীসটি ইবনুস সুন্নী সংকলন করেছেন, পৃ. ১৩৮, নং ২৭৮। আরও দেখুন, ইবনুল কাইয়্যেমের আল-ওয়াবিলুস সাইয়্যেব, পৃ. ৩০৪। তাহকীক, বশীর মুহাম্মাদ উয়ূন।",250
252,২৫২,"আহমাদ ২/২২০, নং ৭০৪৫; ইবনুস সুন্নী, হাদীস নং ২৯২। আর শাইখ আলবানী তাঁর সিলসিলাতুল আহাদীসিস সহীহায় ৩/৫৪, নং ১০৬৫, একে সহীহ বলেছেন। তবে সুলক্ষণ নেওয়া রাসূলুল্লাহ সাল্লাল্লাহু 'আলাইহি ওয়াসাল্লাম পছন্দ করতেন। সে জন্য যখন তিনি কোনো মানুষ থেকে কোনো ভালো বাক্য বা সুবচন শুনতেন, তখন সেটা তাঁর কাছে ভালো লাগত এবং বলতেন, ""তোমার মুখ থেকে তোমার সুলক্ষণ গ্রহণ করেছি”। আবু দাউদ, নং ৩৭১৯; আহমাদ, নং ৯০৪০। আর শাইখ আলবানী তাঁর সিলসিলাতুস সহীহায় একে সহীহ বলেছেন, ২/৩৬৩; আবুশ শাইখ, আখলাকুন নবী সাল্লাল্লাহু 'আলাইহি ওয়াসাল্লাম, পৃ. ২৭০।",251
253,২৫৩,"আবু দাউদ ৩/৩৪, ২৬০২; তিরমিযী ৫/৫০১, নং ৩৪৪৬। আরও দেখুন, সহীহুত তিরমিযী ৩/১৫৬। আর আয়াত দু'টি হচ্ছে, সূরা আয-যুখরুফের ১৩-১৪।",253
254,২৫৪,"মুসলিম ২/৯৭৮, হাদীস নং ১৩৪২।",256
255,২৫৫,"হাকেম, আর তিনি একে সহীহ বলেছেন এবং ইমাম যাহাবী সেটা সমর্থন করেছেন ২/১০০; ইবনুস সুন্নী, নং ৫২৪। তাছাড়া হাফেয ইবন হাজার তাঁর তাখরীজুল আযকার ৫/১৫৪, একে হাসান বলেছেন। আল্লামা ইবন বায রাহেমাহুল্লাহ বলেন, 'হাদীসটি নাসাঈ হাসান সনদে বর্ণনা করেছেন।' দেখুন, তুহফাতুল আখইয়ার, পৃ. ৩৭।",257
256,২৫৬,"তিরমিযী, নং ৩৪২৮; ইবন মাজাহ, ৫/২৯১, নং ৩৮৬০; হাকেম ১/৫৩৮। আর শাইখ আলবানী হাদীসটিকে সহীহ ইবন মাজাহ ২/২১; সহীহুত তিরমিযী, ৩/১৫২ হাসান হাদীস বলেছেন।",259
257,২৫৭,"আবূ দাউদ, ৪/২৯৬, নং ৪৯৮২। আর শাইখ আলবানী একে সহীহ বলেছেন, সহীহ আবি দাউদে, ৩/৯৪১।",259
258,২৫৮,"আহমাদ ২/৪০৩, নং ৯২৩০; ইবন মাজাহ, ২/৯৪৩, নং ২৮২৫। আরও দেখুন, সহীহ ইবন মাজাহ ২/১৩৩।",260
259,২৫৯,"আহমাদ ২/৭, ৪৫২৪, তিরমিযী ৫/৪৯৯, নং ৩৪৪৩। আর শাইখ আলবানী একে সহীহু সুনানিত তিরমিযীতে ৩/৪১৯ সহীহ হাদীস বলেছেন।",260
260,২৬০,"তিরমিযী, নং ৩৪৪৪; আরও দেখুন, সহীহুত তিরমিযী, ৩/১৫৫।",261
261,২৬১,"বুখারী, (ফাতহুল বারীসহ) ৬/১৩৫, নং ২৯৯৩।",262
262,২৬২,"মুসলিম, ৪/২০৮৬, নং ২৭১৮। আর হাদীসে ব্যবহৃত سَمِعَ سامع শব্দের অর্থ, 'একজন সাক্ষ্যদাতা সাক্ষ্য প্রদান করুন যে, আমরা আল্লাহর প্রশংসা করেছি তার যাবতীয় নেয়ামতের উপর, তাঁর উত্তম দান-দয়ার উপর।' আর যদি হাদীসে ব্যবহৃত শব্দটিকে سَمَّعَ سامع ধরা হয়, তখন অর্থ হবে, 'একজন শ্রোতা আমার এ কথা শুনে তা অন্যের কাছে পৌঁছে দিক।' আর এ-কথাটি তিনি বলেছেন শেষ রাত্রির দো'আ ও যিকর সম্পর্কে সচেতন করার জন্য। শারহুন নাওয়াওয়ী 'আলা সহীহ মুসলিম, ১৭/৩৯।",263
263,২৬৩,"মুসলিম, ৪/২০৮০, নং ২৭০৯।",264
264,২৬৪,"নবী সাল্লাল্লাহু আলাইহি ওয়াসাল্লাম যখন কোনো যুদ্ধ অথবা হজ্জ থেকে ফিরতেন, তখন এগুলো বলতেন। বুখারী, ৭/১৬৩, নং ১৭৯৭; মুসলিম, ২/৯৮০, নং ১৩৪৪।",265
265,২৬৫,"হাদীসটি সংকলন করেছেন, ইবনুস সুন্নী, আমালুল ইয়াওমি ওয়াল-লাইলাহ, নং ৩৭৭; হাকেম এবং তিনি একে সহীহ বলেছেন, ১/৪৯৯। আর শাইখ আলবানী তাঁর সহীহুল জামে' ৪/২০১।",267
266,২৬৬,"হাদীসটি সংকলন করেছেন, মুসলিম ১/২৮৮, নং ৩৮৪।",267
267,২৬৭,"আবূ দাউদ ২/২১৮, নং ২০৪৪; আহমাদ ২/৩৬৭, নং ৮৮০৪। আর শাইখ আলবানী একে সহীহ আবি দাউদে ২/৩৮৩, সহীহ বলেছেন।",268
268,২৬৮,"তিরমিযী, ৫/৫৫১, নং ৩৫৪৬, ইত্যাদি। আরও দেখুন, সহীহুল জামে' ৩/২৫; সহীহুত তিরমিযী, ৩/১৭৭।",268
269,২৬৯,"নাসাঈ, ৩/৪৩, নং ১২৮২; হাকেম, ২/৪২১। আর শাইখ আলবানী একে সহীহুন নাসাঈ ১/২৭৪, সহীহ বলেছেন।",268
270,২৭০,"আবু দাউদ, নং ২০৪১। আর শাইখ আলবানী সহীহ আবি দাউদে ১/৩৮৩, একে হাসান হাদীস বলেছেন।",269
271,২৭১,"মুসলিম ১/৭৪, নং ৫৪; আহমাদ, নং ১৪৩০; আর শব্দ তাঁরই। মুসলিমের শব্দ হচ্ছে, ""লা তাদখুলুনা...” 'তোমরা প্রবেশ করবে না...'।",270
272,২৭২,"বুখারী, (ফাতহুল বারীসহ) ১/৮২, নং ২৮; আম্মার রাদিয়াল্লাহু আনহু থেকে মাওকূফ ও মু'আল্লাক হিসেবে।",270
273,২৭৩,"বুখারী, (ফাতহুল বারীসহ) ১/৫৫, নং ১২; মুসলিম ১/৬৫, নং ৩৯।",271
274,২৭৪,"বুখারী, (ফাতহুল বারীসহ) ১১/৪২, নং ৬২৫৮; মুসলিম ৪/১৭০৫, নং ২১৬৩।",271
275,২৭৫,"বুখারী (ফাতহুল বারীসহ), ৬/৩৫০, নং ৩৩০৩; মুসলিম, ৪/২০৯২, নং ২৭২৯।",272
276,২৭৬,"আবূ দাউদ ৪/৩২৭, নং ৫১০৫; আহমাদ ৩/৩০৬, নং ১৪২৮৩। আর শাইখ আলবানী একে সহীহ আবি দাউদে ৩/৯৬১, সহীহ বলেছেন।",272
277,২৭৭,"বুখারী (ফাতহুল বারীসহ) ১১/১৭১, নং ৬৩৬১; মুসলিম ৪/২০০৭, নং ৩৯৬, আর তার শব্দ হচ্ছে, “ফাজ'আলহা লাহ্ যাকাতান ও রাহমাতান”। অর্থাৎ 'সেটা তার জন্য পবিত্রতা ও রহমত বানিয়ে দিন'।",273
278,২৭৮,"মুসলিম, ৪/২২৯৬, নং ৩০০০।",274
279,২৭৯,"বুখারী, আল-আদাবুল মুফরাদ, নং ৭৬১। আর শাইখ আলবানী তাঁর সহীহুল আদাবিল মুফরাদ গ্রন্থে নং ৫৮৫, সেটার সনদকে সহীহ বলেছেন। আর দু' ব্রাকেটের মাঝখানের অংশ বাইহাকীর শু'আবুল ঈমান গ্রন্থ থেকে নেওয়া হয়েছে, ৪/২২৮, যা অন্য পদ্ধতিতে এসেছে।",275
280,২৮০,"বুখারী ৩/৪০৮, নং ১৫৪৯; মুসলিম ২/৮৪১, নং ১১৮৪।",276
281,২৮১,"বুখারী, (ফাতহুল বারীসহ) ৩/৪৭৬, নং ১৬১৩। আর 'কোনো কিছু' বলে এখানে বাঁকা লাঠি বোঝানো হয়েছে। দেখুন, বুখারী, (ফাতহুল বারীসহ), ৩/৪৭২।",276
282,২৮২,"আবূ দাউদ ২/১৭৯, নং ১৮৯৪; মুসনাদে আহমাদ ৩/৪১১, নং ১৫৩৯৮; আল-বাগভী ফী শারহিস সুন্নাহ, ৭/১২৮। আর শাইখ আলবানী সহীহ আবি দাউদে ১/৩৫৪ একে সহীহ বলেছেন। আয়াতটি সূরা আল-বাকারাহ্ আয়াত নং ২০১।",277
283,২৮৩,"মুসলিম ২/৮৮৮, নং ১২১৮; আর আয়াতটি সূরা আল-বাকারার আয়াত নং ১৫৮।",280
284,২৮৪,"তিরমিযী নং ৩৫৮৫; আর শাইখুল আলবানী সহীহুত তিরমিযীতে হাদীসটিকে হাসান বলেছেন, ৩/১৮৪; অনুরূপভাবে সিলসিলা সহীহায় ৪/৬।",281
285,২৮৫,"মুসলিম ২/৮৯১, নং ১২১৮।",282
286,২৮৬,"বুখারী, (ফাতহুল বারীসহ) ৩/৫৮৩, নং ১৭৫১; সেখানে তার শব্দ দেখুন, আরও দেখুন, বুখারী, (ফাতহুল বারীসহ) ৩/৫৮৩, ৩/৫৮৪, ৩/৫৮১ নং ১৭৫৩; অনুরূপ মুসলিম নং ১২১৮।",282
287,২৮৭,"বুখারী, (ফাতহুল বারীসহ) ১/২১০, ৩৯০, ৪১৪, নং ১১৫, ৩৫৯৯, ৬২১৮; মুসলিম ৪/১৮৫৭, নং ১৬৭৪।",283
288,২৮৮,"বুখারী, (ফাতহুল বারীসহ) ৮/৪৪১, নং ৪৭৪১; তিরমিযী নং ২১৮০; আন-নাসাঈ ফিল কুবরা, নং ১১১৮৫। আরও দেখুন, সহীহুত তিরমিযী ২/১০৩, ২/২৩৫, আহমাদ-৫/২১৮, নং ২১৯০০।",283
289,২৮৯,"হাদীসটি নাসাঈ ব্যতীত অপরাপর সুনান গ্রন্থকারগণ উদ্ধৃত করেছেন। আবূ দাউদ নং ২৭৭৪; তিরমিযী নং ১৫৭৮; ইবন মাজাহ ১৩৯৪। আরও দেখুন, সহীহ ইবন মাজাহ ১/২৩৩; ইরওয়াউল গালীল, ২/২২৬।",284
290,২৯০,"মুসলিম ৪/১৭২৮, নং ২২০২।",285
291,২৯১,"মুসনাদে আহমাদ ৪/৪৪৭, নং ১৫৭০০; ইবন মাজাহ্, নং ৩৫০৮; মালেক ৩/১১৮-১১৯। আর শাইখুল আলবানী, সহীহুল জামে' গ্রন্থে সহীহ বলেছেন, ১/২১২; আরও দেখুন, আরনাউতের এর যাদুল মা'আদ এর তাহকীক ৪/১৭০।",286
292,২৯২,"বুখারী, (ফাতহুল বারীসহ) ৬/৩৮১, নং ৩৩৪৬; মুসলিম ৪/২২০৮, নং ২৮৮০।",286
293,২৯৩,"মুসলিম ৩/১৫৫৭, নং ১৯৬৭; বায়হাকী ৯/২৮৭, দু ব্রাকেটের মাঝখানের অংশ বাইহাকী থেকে, ৯/২৮৭, ইত্যাদি। তবে সর্বশেষ বাক্যটি ইমাম মুসলিমের বর্ণনা থেকে অর্থ হিসেবে গৃহীত।",287
294,২৯৪,"আহমাদ ৩/৪১৯, নং ১৫৪৬১, সহীহ সনদে। আর ইবনুস সুন্নী, নং ৬৩৭; আরনাউত তার ত্বাহাভীয়ার তাখরীজে এর সনদকে বিশুদ্ধ বলেছেন, পৃ.১৩৩। আরও দেখুন, মাজমা'উয যাওয়ায়েদ ১০/১২৭।",289
295,২৯৫,"বুখারী, ফাতহুল বারীসহ, ১১/১০১, নং ৬৩০৭।",289
296,২৯৬,"মুসলিম, ৪/২০৭৬, নং ২৭০২।",290
297,২৯৭,"আবূ দাউদ ২/৮৫, নং ১৫১৭; তিরমিযী ৫/৫৬৯, নং ৩৫৭৭; আল-হাকিম এবং সহীহ বলেছেন, তার সাথে ইমাম যাহাবী ঐকমত্য পোষণ করেছেন, ১/৫১১, আর শাইখুল আলবানীও সহীহ বলেছেন। দেখুন, সহীহুত তিরমিযী ৩/১৮২, জামেউল উসূল লি আহাদীসির রাসূল সাল্লাল্লাহু আলাইহি ওয়াসাল্লাম ৪/৩৮৯-৩৯০, আরনাউত এর সম্পাদনাসহ।",291
298,২৯৮,"তিরমিযী নং ৩৫৭৯, নাসায়ী, ১/২৭৯ নং ৫৭২; হাকেম ১/৩০৯। আরও দেখুন, সহীহুত তিরমিযী, ৩/১৮৩; জামে'উল উসূল, আরনাউতের তাহকীকসহ ৪/১৪৪।",291
299,২৯৯,"মুসলিম, ১/৩৫০; নং ৪৮২।",292
300,৩০০,"মুসলিম, ৪/২০৭৫, নং ২৭০২। ইবনুল আসীর বলেন, » ليغان على قلبي« এর অর্থ হচ্ছে, ঢাকা পড়ে যায়, পর্দাবৃত হয়ে যায়। উদ্দেশ্য ভুলে যাওয়া; কারণ রাসূলুল্লাহ সাল্লাল্লাহু আলাইহি ওয়াসাল্লাম সর্বদা যিকির, নৈকট্য ও সার্বিক তত্ত্বাবধানে থাকতেন। তাই যখন কোনো সময় এ ব্যাপারে সামান্যতম ব্যাঘাত ঘটত অথবা ভুলে যেতেন, তখনি তিনি এটাকে নিজের জন্য গুনাহ মনে করতেন, সাথে সাথে তিনি ইস্তেগফার বা ক্ষমা প্রার্থনার দিকে দ্রুত ধাবিত হতেন। দেখুন, জামে'উল উসূল ৪/৩৮৬।",292
301,৩০১,"বুখারী ৭/১৬৮, নং ৬৪০৫; মুসলিম ৪/২০৭১, নং ২৬৯১; তাছাড়া এ কিতাবের ১৩৭ পৃষ্ঠায় যে ব্যক্তি সকাল ও সন্ধায় একশতবার পড়বে, তার যে ফযিলত বর্ণিত হয়েছে তা দেখুন।",293
302,৩০২,"বুখারী ৭/৬৭ নং ৬৪০৪; মুসলিম, তার শব্দে ৪/২০৭১ নং ২৬৯৩; অনুরূপভাবে একশবার বলার ফযীলত দেখুন, ৯৩ নং দো'আর হাদীস, পৃ. নং ১৩৯।",294
303,৩০৩,"বুখারী ৭/১৬৮, নং ৬৪০৪; মুসলিম ৪/২০৭২, নং ২৬৯৪।",295
304,৩০৪,"মুসলিম, ৪/২০৭২, নং ২৬৯৫।",295
305,৩০৫,"মুসলিম ৪/২০৭৩, নং ২৬৯৮।",296
306,৩০৬,"তিরমিযী ৫/১১, নং ৩৪৬৪; হাকেম-১/৫০১ এবং এটাকে সহীহ বলেছেন। আর ইমাম যাহাবী তার সাথে একমত হয়েছেন। দেখুন, সহীহুল জামে' ৫/৫৩১; সহীহুত তিরমিযী ৩/১৬০।",296
307,৩০৭,"বুখারী, ফাতহুল বারীসহ ১১/২১৩, নং ৪২০৬; মুসলিম ৪/২০৭৬, নং ২৭০৪।",297
308,৩০৮,"মুসলিম ৩/১৬৮৫, নং ২১৩৭।",298
309,৩০৯,"মুসলিম ৪/২০৭২, নং ২৬৯৬। আর আবূ দাউদ বর্ধিত বর্ণনা করেন, ১/২২০, নং ৮৩২: এরপর যখন বেদুঈন ফিরে গেল, তখন রাসূলুল্লাহ্ সাল্লাল্লাহু 'আলাইহি ওয়াসাল্লাম বললেন, “লোকটি তার হাত কল্যাণে পূর্ণ করে নিল""।",300
310,৩১০,"মুসলিম ৪/২০৭৩; নং ৩৬৯৭। মুসলিমের অপর বর্ণনায় এসেছে, “এগুলো তোমার জন্য দুনিয়া ও আখেরাত সবকিছুর সমন্বয় ঘটাবে।”",301
311,৩১১,"তিরমিযী ৫/৪৬২, নং ৩৩৮৩; ইবন মাজাহ ২/১২৪৯, নং ৩৮০০; আল-হাকিম, ১/৫০৩ এবং সহীহ বলেছেন, আর ইমাম যাহাবী তা সমর্থন করেছেন। আরও দেখুন, সহীহুল জামে' ১/৩৬২।",302
312,৩১২,"মুসনাদে আহমাদ নং ৫১৩; আহমাদ শাকের এর তারতীব অনুসারে, আর তার সনদ বিশুদ্ধ। দেখুন, মাজমাউয যাওয়ায়িদ, ১/২৯৭; ইবন হাজার বুলুগুল মারাম গ্রন্থে এটাকে আবু সা'ঈদ রাদিয়াল্লাহু 'আনহু এর বর্ণনায় ইমাম নাসাঈ (আস-সুনানুল কুবরা, নং ১০৬১৭) নিয়ে এসেছেন বলে ইঙ্গিত করেছেন এবং বলেছেন যে, হাদীসটিকে ইবন হিব্বান (নং ৮৪০) ও হাকেম (১/৫৪১) সহীহ বলেছেন।",303
313,৩১৩,"আবূ দাউদ ২/৮১, নং ১৫০২; তিরমিযী ৫/৫২১, নং ৩৪৮৬। আরও দেখুন, সহীহুল জামে' ৪/২৭১, নং ৪৮৬৫, আর শাইখ",303
314,৩১৪,"বুখারী, ফাতহুল বারীসহ, ১০/৮৮; নং ৫৬২৩; মুসলিম, ৩/১৫৯৫, নং ২০১২।",305
